player_id,first_name,last_name
101,Justin,Tucker
102,Harrison,Butker
103,Wil,Lutz
104,Matt,Prater
105,Mason,Crosby
106,Daniel,Carlson
107,Graham,Gano
108,Younghoe,Koo
109,Greg,Joseph
110,Eddie,Pineiro
111,Jake,Elliott
112,Chris,Boswell
113,Jason,Sanders
114,Nick,Folk
115,Robbie,Gould
116,Brandon,McManus
117,Cairo,Santos
118,Dustin,Hopkins
119,Brett,Maher
120,Tyler,Bass
121,Patrick,Mahomes
122,Josh,Allen
123,Joe,Burrow
124,Justin,Herbert
125,Aaron,Rodgers
126,Lamar,Jackson
127,Dak,Prescott
128,Russell,Wilson
129,Matthew,Stafford
130,Kyler,Murray
131,Tom,Brady
132,Derek,Carr
133,Tua,Tagovailoa
134,Mac,Jones
135,Ryan,Tannehill
136,Kirk,Cousins
137,Trevor,Lawrence
138,Jalen,Hurts
139,Justin,Fields
140,Daniel,Jones
141,Davante,Adams
142,Cooper,Kupp
143,Tyreek,Hill
144,Justin,Jefferson
145,Stefon,Diggs
146,DeAndre,Hopkins
147,Mike,Evans
148,Keenan,Allen
149,CeeDee,Lamb
150,Ja'Marr,Chase
151,Tee,Higgins
152,Michael,Pittman Jr.
153,DK,Metcalf
154,Terry,McLaurin
155,Amari,Cooper
156,Brandin,Cooks
157,Chris,Godwin
158,Calvin,Ridley
159,Adam,Thielen
160,AJ,Brown
player_id,first_name,last_name
161,Derrick,Henry
162,Christian,McCaffrey
163,Dalvin,Cook
164,Nick,Chubb
165,Alvin,Kamara
166,Jonathan,Taylor
167,Aaron,Jones
168,Saquon,Barkley
169,Josh,Jacobs
170,Ezekiel,Elliott
171,Austin,Ekeler
172,Najee,Harris
173,Joe,Mixon
174,Cam,Akers
175,Javonte,Williams
176,Antonio,Gibson
177,J.K.,Dobbins
178,David,Montgomery
179,Miles,Sanders
180,Devin,Singletary
player_id,first_name,last_name
181,Rashaad,Penny
182,D'Andre,Swift
183,Chris,Carson
184,Tony,Pollard
185,Chase,Edmonds
186,Ronald,Jones
187,Damien,Harris
188,James,Robinson
189,Leonard,Fournette
190,Kareem,Hunt
191,Kenyan,Drake
192,Clyde,Edwards-Helaire
193,Melvin,Gordon
194,Michael,Carter
195,Zack,Moss
196,Rhamondre,Stevenson
197,James,Conner
198,Alexander,Mattison
199,Gus,Edwards
200,Mark,Ingram
player_id,first_name,last_name
201,DeVonta,Smith
202,Jerry,Jeudy
203,Chase,Claypool
204,Tyler,Boyd
205,Michael,Thomas
206,DJ,Moore
207,Julio,Jones
208,Odell,Beckham Jr.
209,Will,Fuller
210,Curtis,Samuel
211,Corey,Davis
212,Marquise,Brown
213,Russell,Gage
214,Sterling,Shepard
215,Allen,Lazard
216,Tim,Patrick
217,Tre'Quan,Smith
218,Parris,Campbell
219,Christian,Kirk
220,Robby,Anderson
221,Travis,Kelce
222,George,Kittle
223,Mark,Andrews
224,Darren,Waller
225,Kyle,Pitts
226,Dallas,Goedert
227,T.J.,Hockenson
228,Noah,Fant
229,Rob,Gronkowski
230,Zach,Ertz
231,Mike,Gesicki
232,Hunter,Henry
233,Jonnu,Smith
234,Evan,Engram
235,Gerald,Everett
236,Dawson,Knox
237,Logan,Thomas
238,Irv,Smith Jr.
239,Tyler,Higbee
240,David,Njoku
